estcodigo,@diffgr:id,@msdata:rowOrder,Altitude,Bacia,CodEstacao,CodRio,Latitude,Longitude,Municipio-UF,NomeEstacao,NomeRio,Operadora,Origem,Responsavel,StatusEstacao,SubBacia,fid,field_1
1,Table91,90.0,1051.0,6.0,2551015.0,0.0,-25.3656,-51.4956,GUARAPUAVA-PR,UHE SALTO SANTIAGO GUARAPUAVA,,00112 - ENGIE - Engie Brasil Energia S.A.,Setor El√©trico,00112 - ENGIE - Engie Brasil Energia S.A.,Ativo,65.0,2.0,90.0
2,Table92,91.0,917.0,6.0,2551063.0,0.0,-25.2406,-51.9275,GUARAPUAVA-PR,UHE SALTO SANTIAGO GOIOXIM,,00112 - ENGIE - Engie Brasil Energia S.A.,Setor El√©trico,00112 - ENGIE - Engie Brasil Energia S.A.,Ativo,65.0,3.0,91.0
3,Table93,92.0,1070.0,6.0,2551069.0,0.0,-25.6617,-51.6622,PINH√ÉO-PR,UHE SALTO OS√ìRIO PINH√ÉO,,00112 - ENGIE - Engie Brasil Energia S.A.,Setor El√©trico,00112 - ENGIE - Engie Brasil Energia S.A.,Ativo,65.0,4.0,92.0
7,Table97,96.0,810.0,6.0,2552009.0,0.0,-25.3978,-52.435,LARANJEIRAS DO SUL-PR,UHE SALTO OS√ìRIO LARANJEIRAS DO SUL,,00112 - ENGIE - Engie Brasil Energia S.A.,Setor El√©trico,00112 - ENGIE - Engie Brasil Energia S.A.,Ativo,65.0,8.0,96.0
8,Table98,97.0,738.0,6.0,2552030.0,0.0,-25.86,-52.5269,CHOPINZINHO-PR,UHE SALTO SANTIAGO CHOPINZINHO PLU,,00112 - ENGIE - Engie Brasil Energia S.A.,Setor El√©trico,00112 - ENGIE - Engie Brasil Energia S.A.,Ativo,65.0,9.0,97.0
9,Table99,98.0,615.0,6.0,2552055.0,0.0,-25.7747,-52.1139,FOZ DO JORD√ÉO-PR,UHE SALTO SANTIAGO FOZ DO JORD√ÉO,,00112 - ENGIE - Engie Brasil Energia S.A.,Setor El√©trico,00112 - ENGIE - Engie Brasil Energia S.A.,Ativo,65.0,10.0,98.0
11,Table3364,3363.0,747.0,6.0,64619000.0,64300100.0,-25.2372,-50.9608,PRUDENT√ìPOLIS-PR,PRUDENT√ìPOLIS CAPT. SANEPAR,RIO DOS PATOS,00052 - IAT-PR - Instituto √Ågua e Terra do Paran√°,RHN,00001 - ANA - Ag√™ncia Nacional de √Åguas,Ativo,64.0,12.0,3363.0
12,Table3417,3416.0,891.02,6.0,65001500.0,65102000.0,-25.4178,-49.1067,PIRAQUARA-PR,BARRAGEM IRA√ç,RIO IRA√ç,00052 - IAT-PR - Instituto √Ågua e Terra do Paran√°,RHN,00052 - IAT-PR - Instituto √Ågua e Terra do Paran√°,Ativo,65.0,13.0,3416.0
15,Table3420,3419.0,875.06,6.0,65010000.0,65107000.0,-25.5192,-49.1456,S√ÉO JOS√â DOS PINHAIS-PR,FAZENDINHA,RIO PEQUENO,00052 - IAT-PR - Instituto √Ågua e Terra do Paran√°,RHN,00001 - ANA - Ag√™ncia Nacional de √Åguas,Ativo,65.0,16.0,3419.0
16,Table3421,3420.0,919.46,6.0,65011030.0,65108000.0,-25.3867,-49.2661,CURITIBA-PR,JUSANTE PARQUE S√ÉO LOUREN√áO,RIO BEL√âM,00052 - IAT-PR - Instituto √Ågua e Terra do Paran√°,RHN,00052 - IAT-PR - Instituto √Ågua e Terra do Paran√°,Ativo,65.0,17.0,3420.0
17,Table3422,3421.0,875.0,6.0,65013005.0,65100000.0,-25.5281,-49.2189,CURITIBA-PR,ETE - SANEPAR,RIO IGUA√áU,00052 - IAT-PR - Instituto √Ågua e Terra do Paran√°,RHN,00052 - IAT-PR - Instituto √Ågua e Terra do Paran√°,Ativo,65.0,18.0,3421.0
27,Table3432,3431.0,800.0,6.0,65136550.0,65120400.0,-25.855,-49.5258,QUITANDINHA-PR,QUITANDINHA,RIO DA V√ÅRZEA,00052 - IAT-PR - Instituto √Ågua e Terra do Paran√°,RHN,00001 - ANA - Ag√™ncia Nacional de √Åguas,Ativo,65.0,28.0,3431.0
28,Table3433,3432.0,890.0,6.0,65140000.0,65140700.0,-25.9783,-52.2133,MANGUEIRINHA-PR,PCH CANHAD√ÉO BARRAMENTO,RIO COVO,00363 - CANHAD√ÉO - Canhad√£o Produ√ß√£o de Energia El√©trica LTDA.,Setor El√©trico,00363 - CANHAD√ÉO - Canhad√£o Produ√ß√£o de Energia El√©trica LTDA.,Ativo,65.0,29.0,3432.0
29,Table3434,3433.0,657.0,6.0,65141000.0,65140700.0,-25.9736,-52.1683,MANGUEIRINHA-PR,PCH CANHAD√ÉO JUSANTE,RIO COVO,00363 - CANHAD√ÉO - Canhad√£o Produ√ß√£o de Energia El√©trica LTDA.,Setor El√©trico,00363 - CANHAD√ÉO - Canhad√£o Produ√ß√£o de Energia El√©trica LTDA.,Ativo,65.0,30.0,3433.0
30,Table3435,3434.0,775.0,6.0,65155001.0,65120400.0,-25.9439,-49.7961,LAPA-PR,PCH CAVERNOSO II S√ÉO BENTO,RIO DA V√ÅRZEA,00028 - COPEL - Copel Gera√ß√£o e Transmiss√£o S.A,Setor El√©trico,00028 - COPEL - Copel Gera√ß√£o e Transmiss√£o S.A,Ativo,65.0,31.0,3434.0
31,Table3436,3435.0,840.0,6.0,65155500.0,65140450.0,-25.9867,-50.0928,ANT√îNIO OLINTO-PR,FAZENDA MELLO,C√ìRREGO DO MELLO,"00414 - RIGESA - Rigesa - Celulose, Papel e Embalagens Ltda.",RHN,"00414 - RIGESA - Rigesa - Celulose, Papel e Embalagens Ltda.",Ativo,65.0,32.0,3435.0
34,Table3439,3438.0,950.0,6.0,65258000.0,65130700.0,-26.6144,-50.6761,TIMB√ì GRANDE-SC,PCH RIO TIMB√ì MONTANTE,RIO TIMB√ì,00503 - CIABS - Companhia Bom Sucesso de Eletricidade-CIABS,Setor El√©trico,00503 - CIABS - Companhia Bom Sucesso de Eletricidade-CIABS,Ativo,65.0,35.0,3438.0
35,Table3440,3439.0,933.0,6.0,65259000.0,65170250.0,-26.5936,-50.7283,TIMB√ì GRANDE-SC,PCH RIO TIMB√ì RIO CA√áADOR GRANDE,RIO CA√áADOR GRANDE,00503 - CIABS - Companhia Bom Sucesso de Eletricidade-CIABS,Setor El√©trico,00503 - CIABS - Companhia Bom Sucesso de Eletricidade-CIABS,Ativo,65.0,36.0,3439.0
37,Table3442,3441.0,845.0,6.0,65270000.0,65130700.0,-26.495,-50.7875,IRINE√ìPOLIS-SC,PCH RIO TIMB√ì BARRAMENTO,RIO TIMB√ì,00503 - CIABS - Companhia Bom Sucesso de Eletricidade-CIABS,Setor El√©trico,00503 - CIABS - Companhia Bom Sucesso de Eletricidade-CIABS,Ativo,65.0,38.0,3441.0
38,Table3443,3442.0,767.0,6.0,65271000.0,65130700.0,-26.4597,-50.8122,IRINE√ìPOLIS-SC,PCH RIO TIMB√ì JUSANTE,RIO TIMB√ì,00503 - CIABS - Companhia Bom Sucesso de Eletricidade-CIABS,Setor El√©trico,00503 - CIABS - Companhia Bom Sucesso de Eletricidade-CIABS,Ativo,65.0,39.0,3442.0
39,Table3444,3443.0,871.0,6.0,65275000.0,65130720.0,-26.4631,-50.8883,PORTO UNI√ÉO-SC,CGH RIO BONITO JUSANTE,RIO BONITO,00712 - RIO BONITO - Rio Bonito Energia Ltda.,Setor El√©trico,00712 - RIO BONITO - Rio Bonito Energia Ltda.,Ativo,65.0,40.0,3443.0
40,Table3445,3444.0,792.0,6.0,65280000.0,65130720.0,-26.4406,-50.8344,PORTO UNI√ÉO-SC,CGH BAITACA JUSANTE,RIO BONITO,00712 - RIO BONITO - Rio Bonito Energia Ltda.,Setor El√©trico,00712 - RIO BONITO - Rio Bonito Energia Ltda.,Ativo,65.0,41.0,3444.0
41,Table3446,3445.0,911.0,6.0,65293000.0,65130730.0,-26.4472,-50.9861,PORTO UNI√ÉO-SC,PCH PARDOS JUSANTE,RIO DOS PARDOS,00562 - PARDOS - Hidroel√©trica Pardos S.A.,Setor El√©trico,00562 - PARDOS - Hidroel√©trica Pardos S.A.,Ativo,65.0,42.0,3445.0
44,Table3449,3448.0,800.0,6.0,65370001.0,65131200.0,-26.3869,-51.2719,GENERAL CARNEIRO-PR,UHE GOV. BENTO MUNHOZ JANGADA DO SUL,RIO JANGADA,00028 - COPEL - Copel Gera√ß√£o e Transmiss√£o S.A,Setor El√©trico,00028 - COPEL - Copel Gera√ß√£o e Transmiss√£o S.A,Ativo,65.0,45.0,3448.0
50,Table3455,3454.0,1013.0,6.0,65808900.0,65141400.0,-25.3847,-51.3853,GUARAPUAVA-PR,CGH ENXADRISTA MONTANTE,RIO DAS PEDRAS,01142 - RIO DAS PEDRAS - Energ√©tica Rio das Pedras SPE Ltda.,Setor El√©trico,01142 - RIO DAS PEDRAS - Energ√©tica Rio das Pedras SPE Ltda.,Ativo,65.0,51.0,3454.0
52,Table3457,3456.0,0.0,6.0,65812000.0,65150000.0,-25.4528,-51.6358,GUARAPUAVA-PR,FOZ DO RIO COUTINHO,RIO JORD√ÉO,00052 - IAT-PR - Instituto √Ågua e Terra do Paran√°,RHN,00052 - IAT-PR - Instituto √Ågua e Terra do Paran√°,Ativo,65.0,53.0,3456.0
53,Table3458,3457.0,898.0,6.0,65813000.0,65150000.0,-25.4675,-51.6639,GUARAPUAVA-PR,PCH TR√äS CAP√ïES JUSANTE,RIO JORD√ÉO,00187 - INSAM - Ind√∫strias de Madeiras Santa Maria Ltda.-INSAM,Setor El√©trico,00187 - INSAM - Ind√∫strias de Madeiras Santa Maria Ltda.-INSAM,Ativo,65.0,54.0,3457.0
55,Table3460,3459.0,0.0,6.0,65815040.0,65150000.0,-25.5353,-51.8158,GUARAPUAVA-PR,UHE SALTO CURUCACA BARRAMENTO,RIO JORD√ÉO,00716 - SANTA MARIA - Santa Maria Companhia Papel e Celulose,Setor El√©trico,00716 - SANTA MARIA - Santa Maria Companhia Papel e Celulose,Ativo,65.0,56.0,3459.0
56,Table3461,3460.0,1000.0,6.0,65815050.0,65150000.0,-25.5383,-51.8189,GUARAPUAVA-PR,UHE SALTO CURUCACA JUSANTE,RIO JORD√ÉO,00716 - SANTA MARIA - Santa Maria Companhia Papel e Celulose,Setor El√©trico,00716 - SANTA MARIA - Santa Maria Companhia Papel e Celulose,Ativo,65.0,57.0,3460.0
57,Table3462,3461.0,887.0,6.0,65815060.0,65150000.0,-25.5044,-51.7864,CAND√ìI-PR,PCH TAGU√Å,RIO JORD√ÉO,01164 - TAGU√Å - Tagu√° Energia Ltda,Setor El√©trico,01164 - TAGU√Å - Tagu√° Energia Ltda,Ativo,65.0,58.0,3461.0
59,Table3464,3463.0,811.0,6.0,65824991.0,65150000.0,-25.6558,-51.9522,PINH√ÉO-PR,UHE SANTA CLARA BARRAMENTO,RIO JORD√ÉO,00289 - ELEJOR - Centrais El√©tricas do Rio Jord√£o S.A-ELEJOR,Setor El√©trico,00289 - ELEJOR - Centrais El√©tricas do Rio Jord√£o S.A-ELEJOR,Ativo,65.0,60.0,3463.0
62,Table3467,3466.0,554.0,6.0,65826720.0,65150000.0,-25.7675,-52.0906,FOZ DO JORD√ÉO-PR,PCH BARRA JUSANTE,RIO JORD√ÉO,00376 - RIO JORD√ÉO - Rio Jord√£o Pap√©is S.A.,Setor El√©trico,00376 - RIO JORD√ÉO - Rio Jord√£o Pap√©is S.A.,Ativo,65.0,63.0,3466.0
63,Table3468,3467.0,901.0,6.0,65831000.0,65140710.0,-26.0528,-52.1783,MANGUEIRINHA-PR,PCH TIGRE BARRAMENTO,RIO MARRECAS,00661 - TIGRE - Tigre Produ√ß√£o de Energia El√©trica Ltda.,Setor El√©trico,00661 - TIGRE - Tigre Produ√ß√£o de Energia El√©trica Ltda.,Ativo,65.0,64.0,3467.0
64,Table3469,3468.0,828.0,6.0,65831020.0,65140710.0,-26.0411,-52.175,MANGUEIRINHA-PR,PCH TIGRE JUSANTE,RIO MARRECAS,00661 - TIGRE - Tigre Produ√ß√£o de Energia El√©trica Ltda.,Setor El√©trico,00661 - TIGRE - Tigre Produ√ß√£o de Energia El√©trica Ltda.,Ativo,65.0,65.0,3468.0
65,Table3470,3469.0,661.0,6.0,65831900.0,65140710.0,-25.9797,-52.1614,MANGUEIRINHA-PR,PCH COV√ì MONTANTE,RIO MARRECAS,00525 - COV√ì - Cov√≥ Gera√ß√£o de Energia El√©trica Ltda.,Setor El√©trico,00525 - COV√ì - Cov√≥ Gera√ß√£o de Energia El√©trica Ltda.,Ativo,65.0,66.0,3469.0
66,Table3471,3470.0,661.0,6.0,65832000.0,65140710.0,-25.9722,-52.1514,MANGUEIRINHA-PR,PCH COV√ì BARAMENTO,RIO MARRECAS,00525 - COV√ì - Cov√≥ Gera√ß√£o de Energia El√©trica Ltda.,Setor El√©trico,00525 - COV√ì - Cov√≥ Gera√ß√£o de Energia El√©trica Ltda.,Ativo,65.0,67.0,3470.0
70,Table3475,3474.0,540.0,6.0,65875500.0,65160100.0,-25.7808,-52.4917,CHOPINZINHO-PR,UHE SALTO SANTIAGO RIO CHOPINZINHO,RIO CHOPINZINHO,00112 - ENGIE - Engie Brasil Energia S.A.,Setor El√©trico,00112 - ENGIE - Engie Brasil Energia S.A.,Ativo,65.0,71.0,3474.0
71,Table3476,3475.0,491.0,6.0,65883045.0,65100000.0,-25.6406,-52.595,SAUDADE DO IGUA√áU-PR,UHE SALTO SANTIAGO RESERVAT√ìRIO 2,RIO IGUA√áU,00112 - ENGIE - Engie Brasil Energia S.A.,Setor El√©trico,00112 - ENGIE - Engie Brasil Energia S.A.,Ativo,65.0,72.0,3475.0
72,Table3477,3476.0,490.0,6.0,65883048.0,65100000.0,-25.605,-52.6053,SAUDADE DO IGUA√áU-PR,UHE SALTO SANTIAGO RESERVAT√ìRIO 1,RIO IGUA√áU,00112 - ENGIE - Engie Brasil Energia S.A.,Setor El√©trico,00112 - ENGIE - Engie Brasil Energia S.A.,Ativo,65.0,73.0,3476.0
73,Table3478,3477.0,491.0,6.0,65883051.0,65100000.0,-25.6103,-52.6164,SAUDADE DO IGUA√áU-PR,UHE SALTO SANTIAGO BARRAMENTO,RIO IGUA√áU,00112 - ENGIE - Engie Brasil Energia S.A.,Setor El√©trico,00112 - ENGIE - Engie Brasil Energia S.A.,Ativo,65.0,74.0,3477.0
74,Table3479,3478.0,495.0,6.0,65889700.0,65160900.0,-25.4103,-52.7406,ESPIG√ÉO ALTO DO IGUA√áU-PR,UHE SALTO OS√ìRIO RIO DAS COBRAS,RIO DAS COBRAS,00112 - ENGIE - Engie Brasil Energia S.A.,Setor El√©trico,00112 - ENGIE - Engie Brasil Energia S.A.,Ativo,65.0,75.0,3478.0
75,Table3480,3479.0,405.0,6.0,65889800.0,65100000.0,-25.6125,-52.8633,S√ÉO JORGE D''OESTE-PR,UHE SALTO OS√ìRIO RESERVAT√ìRIO 2,RIO IGUA√áU,00112 - ENGIE - Engie Brasil Energia S.A.,Setor El√©trico,00112 - ENGIE - Engie Brasil Energia S.A.,Ativo,65.0,76.0,3479.0
76,Table3481,3480.0,402.0,6.0,65894900.0,65100000.0,-25.5594,-52.9939,S√ÉO JORGE D''OESTE-PR,UHE SALTO OS√ìRIO RESERVAT√ìRIO 1,RIO IGUA√áU,00112 - ENGIE - Engie Brasil Energia S.A.,Setor El√©trico,00112 - ENGIE - Engie Brasil Energia S.A.,Ativo,65.0,77.0,3480.0
77,Table3482,3481.0,400.0,6.0,65894991.0,65100000.0,-25.5331,-53.0106,QUEDAS DO IGUA√áU-PR,UHE SALTO OS√ìRIO BARRAMENTO,RIO IGUA√áU,00112 - ENGIE - Engie Brasil Energia S.A.,Setor El√©trico,00112 - ENGIE - Engie Brasil Energia S.A.,Ativo,65.0,78.0,3481.0
79,Table3484,3483.0,522.0,6.0,65945200.0,65170300.0,-26.01,-52.7939,ITAPEJARA D''OESTE-PR,PCH VITORINO MONTANTE,RIO VITORINO,00373 - RIO VITORINO - Hidrel√©trica Rio Vitorino LTDA.,Setor El√©trico,00373 - RIO VITORINO - Hidrel√©trica Rio Vitorino LTDA.,Ativo,65.0,80.0,3483.0
80,Table3485,3484.0,520.0,6.0,65945400.0,65170300.0,-25.9972,-52.7856,ITAPEJARA D''OESTE-PR,PCH VITORINO BARRAMENTO,RIO VITORINO,00373 - RIO VITORINO - Hidrel√©trica Rio Vitorino LTDA.,Setor El√©trico,00373 - RIO VITORINO - Hidrel√©trica Rio Vitorino LTDA.,Ativo,65.0,81.0,3484.0
81,Table3486,3485.0,518.0,6.0,65945500.0,65170300.0,-25.9972,-52.785,ITAPEJARA D''OESTE-PR,PCH VITORINO JUSANTE 1,RIO VITORINO,00373 - RIO VITORINO - Hidrel√©trica Rio Vitorino LTDA.,Setor El√©trico,00373 - RIO VITORINO - Hidrel√©trica Rio Vitorino LTDA.,Ativo,65.0,82.0,3485.0
82,Table3487,3486.0,492.0,6.0,65945600.0,65170300.0,-25.9922,-52.7858,ITAPEJARA D''OESTE-PR,PCH VITORINO JUSANTE 2,RIO VITORINO,00373 - RIO VITORINO - Hidrel√©trica Rio Vitorino LTDA.,Setor El√©trico,00373 - RIO VITORINO - Hidrel√©trica Rio Vitorino LTDA.,Ativo,65.0,83.0,3486.0
85,Table3490,3489.0,550.0,6.0,65954200.0,65170600.0,-26.0864,-52.9394,BOM SUCESSO DO SUL-PR,PCH VILA GALUPO MONTANTE,RIO SANTANA,01114 - SUDOESTE - Sudoeste Energia Ltda.,Setor El√©trico,01114 - SUDOESTE - Sudoeste Energia Ltda.,Ativo,65.0,86.0,3489.0
86,Table3491,3490.0,560.0,6.0,65954250.0,65170600.0,-26.0956,-52.9481,RENASCEN√áA-PR,PCH BEDIM MONTANTE,RIO SANTANA,01159 - SANTANA - Santana Energ√©tica Ltda,Setor El√©trico,01159 - SANTANA - Santana Energ√©tica Ltda,Ativo,65.0,87.0,3490.0
87,Table3492,3491.0,565.0,6.0,65954300.0,65170600.0,-26.0911,-52.9558,RENASCEN√áA-PR,PCH BEDIM BARRAMENTO,RIO SANTANA,01159 - SANTANA - Santana Energ√©tica Ltda,Setor El√©trico,01159 - SANTANA - Santana Energ√©tica Ltda,Ativo,65.0,88.0,3491.0
88,Table3493,3492.0,536.0,6.0,65954400.0,65170600.0,-26.0617,-52.9222,BOM SUCESSO DO SUL-PR,PCH VILA GALUPO BARRAMENTO,RIO SANTANA,01114 - SUDOESTE - Sudoeste Energia Ltda.,Setor El√©trico,01114 - SUDOESTE - Sudoeste Energia Ltda.,Ativo,65.0,89.0,3492.0
89,Table3494,3493.0,509.0,6.0,65954900.0,65170600.0,-26.0389,-52.9331,FRANCISCO BELTR√ÉO-PR,PCH JACAR√â BARRAMENTO,RIO SANTANA,01050 - VORTEX - Vortex Energia Ltda.,Setor El√©trico,01050 - VORTEX - Vortex Energia Ltda.,Ativo,65.0,90.0,3493.0
90,Table3495,3494.0,496.0,6.0,65954950.0,65170600.0,-26.0347,-52.9236,FRANCISCO BELTR√ÉO-PR,PCH JACAR√â JUSANTE,RIO SANTANA,01050 - VORTEX - Vortex Energia Ltda.,Setor El√©trico,01050 - VORTEX - Vortex Energia Ltda.,Ativo,65.0,91.0,3494.0
91,Table3496,3495.0,450.0,6.0,65955000.0,65170600.0,-25.915,-52.8494,ITAPEJARA D''OESTE-PR,BALSA DO SANTANA,RIO SANTANA,00052 - IAT-PR - Instituto √Ågua e Terra do Paran√°,RHN,00001 - ANA - Ag√™ncia Nacional de √Åguas,Ativo,65.0,92.0,3495.0
93,Table3498,3497.0,430.0,6.0,65957000.0,65170000.0,-25.8181,-52.9014,VER√ä-PR,PCH BELA VISTA RESERVAT√ìRIO,RIO CHOPIM,00214 - VISTA - Bela Vista Gera√ß√£o de Energia S.A.,Setor El√©trico,00214 - VISTA - Bela Vista Gera√ß√£o de Energia S.A.,Ativo,65.0,94.0,3497.0
94,Table3499,3498.0,421.0,6.0,65958000.0,65170000.0,-25.8058,-52.9067,VER√ä-PR,PCH BELA VISTA JUSANTE,RIO CHOPIM,00214 - VISTA - Bela Vista Gera√ß√£o de Energia S.A.,Setor El√©trico,00214 - VISTA - Bela Vista Gera√ß√£o de Energia S.A.,Ativo,65.0,95.0,3498.0
98,Table3503,3502.0,430.0,6.0,65970001.0,65180100.0,-25.3939,-53.1039,TR√äS BARRAS DO PARAN√Å-PR,UHE GOV. JOS√â RICHA PORTO SANTO ANT√îNIO,RIO GUARANI,00028 - COPEL - Copel Gera√ß√£o e Transmiss√£o S.A,Setor El√©trico,00028 - COPEL - Copel Gera√ß√£o e Transmiss√£o S.A,Ativo,65.0,99.0,3502.0
99,Table3504,3503.0,3286.0,6.0,65973501.0,65100000.0,-25.5419,-53.4844,NOVA PRATA DO IGUA√áU-PR,UHE GOV. JOS√â RICHA BARRAMENTO,RIO IGUA√áU,00028 - COPEL - Copel Gera√ß√£o e Transmiss√£o S.A,Setor El√©trico,00028 - COPEL - Copel Gera√ß√£o e Transmiss√£o S.A,Ativo,65.0,100.0,3503.0
100,Table3505,3504.0,329.0,6.0,65975300.0,65180700.0,-25.4217,-53.5003,CAPIT√ÉO LE√îNIDAS MARQUES-PR,UHE BAIXO IGUA√áU RIO ANDRADA,RIO ANDRADA,00369 - C√âU AZUL - Gera√ß√£o C√©u Azul S.A.,Setor El√©trico,00369 - C√âU AZUL - Gera√ß√£o C√©u Azul S.A.,Ativo,65.0,101.0,3504.0
101,Table3506,3505.0,329.0,6.0,65980500.0,65180800.0,-25.7692,-53.6111,CAPANEMA-PR,UHE BAIXO IGUA√áU RIO CAPANEMA,RIO CAPANEMA,00369 - C√âU AZUL - Gera√ß√£o C√©u Azul S.A.,Setor El√©trico,00369 - C√âU AZUL - Gera√ß√£o C√©u Azul S.A.,Ativo,65.0,102.0,3505.0
102,Table3507,3506.0,320.0,6.0,65981500.0,65180800.0,-25.77,-53.6114,PLANALTO-PR,UHE ITAIPU PONTE DO CAPANEMA,RIO CAPANEMA,00090 - ITAIPU - Itaipu  Binacional,Setor El√©trico,00090 - ITAIPU - Itaipu  Binacional,Ativo,65.0,103.0,3506.0
103,Table3508,3507.0,263.0,6.0,65983000.0,65100000.0,-25.5083,-53.6669,CAPIT√ÉO LE√îNIDAS MARQUES-PR,UHE BAIXO IGUA√áU RESERVAT√ìRIO,RIO IGUA√áU,00369 - C√âU AZUL - Gera√ß√£o C√©u Azul S.A.,Setor El√©trico,00369 - C√âU AZUL - Gera√ß√£o C√©u Azul S.A.,Ativo,65.0,104.0,3507.0
104,Table3509,3508.0,263.0,6.0,65983100.0,65100000.0,-25.5042,-53.6722,CAPIT√ÉO LE√îNIDAS MARQUES-PR,UHE BAIXO IGUA√áU BARRAMENTO,RIO IGUA√áU,00369 - C√âU AZUL - Gera√ß√£o C√©u Azul S.A.,Setor El√©trico,00369 - C√âU AZUL - Gera√ß√£o C√©u Azul S.A.,Ativo,65.0,105.0,3508.0
105,Table3510,3509.0,231.0,6.0,65984000.0,65100000.0,-25.5853,-53.7278,CAPANEMA-PR,UHE BAIXO IGUA√áU JUSANTE,RIO IGUA√áU,00369 - C√âU AZUL - Gera√ß√£o C√©u Azul S.A.,Setor El√©trico,00369 - C√âU AZUL - Gera√ß√£o C√©u Azul S.A.,Ativo,65.0,106.0,3509.0
106,Table3511,3510.0,180.0,6.0,65987000.0,65100000.0,-25.5667,-53.9331,SERRAN√ìPOLIS DO IGUA√áU-PR,UHE ITAIPU PORTO CAPANEMA,RIO IGUA√áU,00090 - ITAIPU - Itaipu  Binacional,Setor El√©trico,00090 - ITAIPU - Itaipu  Binacional,Ativo,65.0,107.0,3510.0
108,Table3513,3512.0,180.1,6.0,65992500.0,65100000.0,-25.6831,-54.4406,FOZ DO IGUA√áU-PR,UHE ITAIPU HOTEL CATARATAS,RIO IGUA√áU,00090 - ITAIPU - Itaipu  Binacional,Setor El√©trico,00090 - ITAIPU - Itaipu  Binacional,Ativo,65.0,109.0,3512.0
109,Table3514,3513.0,180.1,6.0,65992502.0,65100000.0,-25.6833,-54.4289,FOZ DO IGUA√áU-PR,HOTEL CATARATAS - COPEL,RIO IGUA√áU,00028 - COPEL - Copel Gera√ß√£o e Transmiss√£o S.A,Setor El√©trico,00028 - COPEL - Copel Gera√ß√£o e Transmiss√£o S.A,Ativo,65.0,110.0,3513.0
110,Table4330,4329.0,670.0,9.0,99999999.0,65100000.0,-26.3936,-51.3936,UNI√ÉO DA VIT√ìRIA-PR,ESTACAO TESTE RESOLUCAO 99999999,RIO IGUA√áU,05001 - EMP.TESTES - Empresa de Teste da Resolu√ß√£o 03/2010,Setor El√©trico,05001 - EMP.TESTES - Empresa de Teste da Resolu√ß√£o 03/2010,Ativo,90.0,111.0,4329.0
